,id,country,where_coordinates,date_start,date_end,source_article,keyword,search_param,query_id,Explanation,Article found through manual search
0,461491,Ethiopia,Bore woreda,00:00.0,11/25/2022 0:00,"""Ethiopian Peace Observatory,2022-11-29,EPO WEEKLY: 19-25 NOVEMBER 2022""",conflict Bore woreda,"&tbs=cdr:1,cd_min:11/19/2022,cd_max:12/9/2022",8dd1809023aa,"Data obtained from crisis-mapping project, not a news source.",None
1,126965,Afghanistan,Bala Buluk district,9/14/2007 0:00,9/14/2007 0:00,"Associated Press (AP), 2007-09-15, ""Afghan police kill 3 Taliban involved with SKorean kidnAssociated Press (AP)pings"" /(2)Xinhua 15 Sep 2007 ""Clash kills six Taliban militants in S. Afghanistan",conflict Bala Buluk district,"&tbs=cdr:1,cd_min:9/14/2007,cd_max:9/28/2007",1786a4c5de82,Strange case in which a very similar news story is reported by Taipei Times around the same time as happening in a different provice. Chinadaily article no longer up. News from older conflict could have in the meantime been deleted or there may be inconsistencies within the news themselves.,https://www.taipeitimes.com/News/world/archives/2007/09/17/2003379158
2,316418,Syria,Eastern Ghouta,2013-06-26 00:00:00.000,2013-06-26 00:00:00.000,"""Support Kurds in Syria,2013-06-26,Wednesday 26 June 2013""",conflict Eastern Ghouta,"&tbs=cdr:1,cd_min:6/26/2013,cd_max:7/10/2013",f922801a6876,"Source is an NGO, not a press outlet",None
3,254824,Somalia,Lower Shabelle region,2018-03-11 00:00:00.000,2018-03-13 00:00:00.000,"""BBC Monitoring Africa,2018-03-13,Al-Shabab raids AU army bases in southern Somalia""",conflict Lower Shabelle region,"&tbs=cdr:1,cd_min:3/11/2018,cd_max:3/27/2018",3d289b7b4f86,BBC Monitoring mentions using a network of journalists that can translate local social media content. Likely not actually covered by major press.,None
4,274471,Burkina Faso,Tin-Akof town,2018-12-20 00:00:00.000,2018-12-20 00:00:00.000,"""Agence France Presse,2018-12-21,Burkina: trois personnes, dont deux élus locaux, abattues dans le nord"";""“We Found Their Bodies Later That Day” Atrocities by Armed Islamists and Security Forces in Burkina Faso’s Sahel Region,2019-03-31,Abuses by Armed Islamist Groups in Burkina Faso’s Sahel Region""",conflict Tin-Akof town,"&tbs=cdr:1,cd_min:12/20/2018,cd_max:1/3/2019",8fcf879012e7,Article can be found in French. Likely has to do with queries being in English.,https://www.lemonde.fr/afrique/article/2018/12/21/au-burkina-faso-trois-personnes-abattues-dans-le-nord-du-pays_5401008_3212.html?srsltid=AU7gw4W9rRPOxwUFpcPAu4dCAYnt5jZ6qj3Ix0wKm7knlO0Qgb94EXwC
5,235765,Syria,Mushayrifah village,2016-12-07 00:00:00.000,2016-12-07 00:00:00.000,"""SOHR,2016-12-07,Airstrikes target Halfaya and the countryside of Hama and raids north of Al-Raqqah""",conflict Mushayrifah village,"&tbs=cdr:1,cd_min:12/7/2016,cd_max:12/21/2016",605a6937b8f3,"Published by the Syrian Observatory for Human Rights, which is technically a watchdog but also a media outlet. Two possible explanations are: 1) it is not indexed by Google News, b) the fact that the news piece does not contain mention of the village in the query, only of the region. This could be the case in news reportings for other smaller villages.",https://www.syriahr.com/en/70956/
6,587506,Ukraine,Vasylkivka town,2025-07-19 00:00:00.000,2025-07-19 00:00:00.000,"""Ukrinform,2025-07-19,Russians hit Dnipropetrovsk region with a missile - two dead, school and clinic destroyed""",conflict Vasylkivka town,"&tbs=cdr:1,cd_min:7/19/2025,cd_max:8/2/2025",3abb97109eef,Picked up by local Ukrainian outlet. Perhaps simply not findable on US Google News?,https://www.ukrinform.net/rubric-ato/4016730-two-killed-in-russian-missile-strike-on-dnipropetrovsk-region.html
7,321094,Syria,Daraa town,2013-08-28 00:00:00.000,2013-08-28 00:00:00.000,"""Support Kurds in Syria,2013-08-28,Wednesday 28 August 2013"";""VDC,2013-08-28,Abdul Rahman Mohammad al-Masalmeh Taem Ahmad Salame al-Masalme Musa Mahmod al-Masalmeh""",conflict Daraa town,"&tbs=cdr:1,cd_min:8/28/2013,cd_max:9/11/2013",3a15928185ce,"Source is an NGO, not a press outlet",
8,240053,Afghanistan,Zarghun Shahr village,2017-05-19 00:00:00.000,2017-05-19 00:00:00.000,"""Reuters News,2017-05-19,Roadside bomb kills 11 Afghans headed to wedding, official says"";""Agence France Presse,2017-05-19,Roadside bomb kills 11 members of Afghan family"";""Pajhwok News,2017-05-19,11 of a family killed in Logar roadside blast""",conflict Zarghun Shahr village,"&tbs=cdr:1,cd_min:5/19/2017,cd_max:6/2/2017",e3d8265c2882,"News reported by major outlet but mentions only province, not specific village.",https://www.reuters.com/article/us-afghanistan-blast-idUSKCN18F1GF/
9,312285,Syria,Arbin town,2015-05-17 00:00:00.000,2015-05-17 00:00:00.000,"""VDC,2015-05-17,Khaled Hassan al-Shebli Deib Younes"";""SOHR,2015-05-18,140 people were killed yesterday, including 47 regime forces and armed loyalists, and 21 citizens were martyred in the aerial bombardment of the regime's aircraft and the fall of shells and shelling of the regime forces.""",conflict Arbin town,"&tbs=cdr:1,cd_min:5/17/2015,cd_max:5/31/2015",1bedb11d98d0,"Sources are the Violations Documentations Center (watchdog) and SOHR again, but this time a news article has not been published.",
